{"assets/audio/appearGhost.mp3":["assets/audio/appearGhost.mp3"],"assets/audio/bgm_boss.mp3":["assets/audio/bgm_boss.mp3"],"assets/audio/bgm_credits.mp3":["assets/audio/bgm_credits.mp3"],"assets/audio/bgm_default.mp3":["assets/audio/bgm_default.mp3"],"assets/audio/bgm_menu.mp3":["assets/audio/bgm_menu.mp3"],"assets/audio/bounce.wav":["assets/audio/bounce.wav"],"assets/audio/collect_fruit.wav":["assets/audio/collect_fruit.wav"],"assets/audio/disappear.wav":["assets/audio/disappear.wav"],"assets/audio/disappearGhost.mp3":["assets/audio/disappearGhost.mp3"],"assets/audio/explosion.wav":["assets/audio/explosion.wav"],"assets/audio/fire.mp3":["assets/audio/fire.mp3"],"assets/audio/fire.wav":["assets/audio/fire.wav"],"assets/audio/glitchedSound.wav":["assets/audio/glitchedSound.wav"],"assets/audio/hit.wav":["assets/audio/hit.wav"],"assets/audio/jump.wav":["assets/audio/jump.wav"],"assets/audio/rockHeadAttacking.wav":["assets/audio/rockHeadAttacking.wav"],"assets/fonts/ArcadeClassic.ttf":["assets/fonts/ArcadeClassic.ttf"],"assets/gifsMainMenu/gif1.gif":["assets/gifsMainMenu/gif1.gif"],"assets/gifsMainMenu/gif2.gif":["assets/gifsMainMenu/gif2.gif"],"assets/gifsMainMenu/gif3.gif":["assets/gifsMainMenu/gif3.gif"],"assets/gifsMainMenu/gif4.gif":["assets/gifsMainMenu/gif4.gif"],"assets/gifsMainMenu/gif5.gif":["assets/gifsMainMenu/gif5.gif"],"assets/gifsMainMenu/gif6.gif":["assets/gifsMainMenu/gif6.gif"],"assets/gifsMainMenu/gif7.gif":["assets/gifsMainMenu/gif7.gif"],"assets/icon/app_icon.png":["assets/icon/app_icon.png"],"assets/images/Background/Blue.png":["assets/images/Background/Blue.png"],"assets/images/Background/Brown.png":["assets/images/Background/Brown.png"],"assets/images/Background/Gray.png":["assets/images/Background/Gray.png"],"assets/images/Background/Green.png":["assets/images/Background/Green.png"],"assets/images/Background/Pink.png":["assets/images/Background/Pink.png"],"assets/images/Background/Purple.png":["assets/images/Background/Purple.png"],"assets/images/Background/Yellow.png":["assets/images/Background/Yellow.png"],"assets/images/Enemies/Bee/Attack (36x34).png":["assets/images/Enemies/Bee/Attack (36x34).png"],"assets/images/Enemies/Bee/Bullet Pieces.png":["assets/images/Enemies/Bee/Bullet Pieces.png"],"assets/images/Enemies/Bee/Bullet.png":["assets/images/Enemies/Bee/Bullet.png"],"assets/images/Enemies/Bee/Hit (36x34).png":["assets/images/Enemies/Bee/Hit (36x34).png"],"assets/images/Enemies/Bee/Idle (36x34).png":["assets/images/Enemies/Bee/Idle (36x34).png"],"assets/images/Enemies/Chicken/Hit (32x34).png":["assets/images/Enemies/Chicken/Hit (32x34).png"],"assets/images/Enemies/Chicken/Idle (32x34).png":["assets/images/Enemies/Chicken/Idle (32x34).png"],"assets/images/Enemies/Chicken/Run (32x34).png":["assets/images/Enemies/Chicken/Run (32x34).png"],"assets/images/Enemies/Ghost/Appear (44x30).png":["assets/images/Enemies/Ghost/Appear (44x30).png"],"assets/images/Enemies/Ghost/Disappear (44x30).png":["assets/images/Enemies/Ghost/Disappear (44x30).png"],"assets/images/Enemies/Ghost/Gost Particles (48x16).png":["assets/images/Enemies/Ghost/Gost Particles (48x16).png"],"assets/images/Enemies/Ghost/Hit (44x30).png":["assets/images/Enemies/Ghost/Hit (44x30).png"],"assets/images/Enemies/Ghost/Idle (44x30).png":["assets/images/Enemies/Ghost/Idle (44x30).png"],"assets/images/Enemies/Plant/Attack (44x42).png":["assets/images/Enemies/Plant/Attack (44x42).png"],"assets/images/Enemies/Plant/Bullet Pieces.png":["assets/images/Enemies/Plant/Bullet Pieces.png"],"assets/images/Enemies/Plant/Bullet.png":["assets/images/Enemies/Plant/Bullet.png"],"assets/images/Enemies/Plant/Hit (44x42).png":["assets/images/Enemies/Plant/Hit (44x42).png"],"assets/images/Enemies/Plant/Idle (44x42).png":["assets/images/Enemies/Plant/Idle (44x42).png"],"assets/images/Enemies/Radish/Hit (30x38).png":["assets/images/Enemies/Radish/Hit (30x38).png"],"assets/images/Enemies/Radish/Idle 1 (30x38).png":["assets/images/Enemies/Radish/Idle 1 (30x38).png"],"assets/images/Enemies/Radish/Idle 2 (30x38).png":["assets/images/Enemies/Radish/Idle 2 (30x38).png"],"assets/images/Enemies/Radish/Leafs.png":["assets/images/Enemies/Radish/Leafs.png"],"assets/images/Enemies/Radish/Run (30x38).png":["assets/images/Enemies/Radish/Run (30x38).png"],"assets/images/Enemies/Rocks/Rock1_Hit.png":["assets/images/Enemies/Rocks/Rock1_Hit.png"],"assets/images/Enemies/Rocks/Rock1_Idle (38x34).png":["assets/images/Enemies/Rocks/Rock1_Idle (38x34).png"],"assets/images/Enemies/Rocks/Rock1_Run (38x34).png":["assets/images/Enemies/Rocks/Rock1_Run (38x34).png"],"assets/images/Enemies/Rocks/Rock2_Hit (32x28).png":["assets/images/Enemies/Rocks/Rock2_Hit (32x28).png"],"assets/images/Enemies/Rocks/Rock2_Idle (32x28).png":["assets/images/Enemies/Rocks/Rock2_Idle (32x28).png"],"assets/images/Enemies/Rocks/Rock2_Run (32x28).png":["assets/images/Enemies/Rocks/Rock2_Run (32x28).png"],"assets/images/Enemies/Rocks/Rock3_Hit (22x18).png":["assets/images/Enemies/Rocks/Rock3_Hit (22x18).png"],"assets/images/Enemies/Rocks/Rock3_Idle (22x18).png":["assets/images/Enemies/Rocks/Rock3_Idle (22x18).png"],"assets/images/Enemies/Rocks/Rock3_Run (22x18).png":["assets/images/Enemies/Rocks/Rock3_Run (22x18).png"],"assets/images/Enemies/Snail/Hit (38x24).png":["assets/images/Enemies/Snail/Hit (38x24).png"],"assets/images/Enemies/Snail/Idle (38x24).png":["assets/images/Enemies/Snail/Idle (38x24).png"],"assets/images/Enemies/Snail/Shell Idle (38x24).png":["assets/images/Enemies/Snail/Shell Idle (38x24).png"],"assets/images/Enemies/Snail/Shell Top Hit (38x24).png":["assets/images/Enemies/Snail/Shell Top Hit (38x24).png"],"assets/images/Enemies/Snail/Shell Wall Hit (38x24).png":["assets/images/Enemies/Snail/Shell Wall Hit (38x24).png"],"assets/images/Enemies/Snail/Snail without shell.png":["assets/images/Enemies/Snail/Snail without shell.png"],"assets/images/Enemies/Snail/Walk (38x24).png":["assets/images/Enemies/Snail/Walk (38x24).png"],"assets/images/GUI/HUD/Joystick.png":["assets/images/GUI/HUD/Joystick.png"],"assets/images/GUI/HUD/Knob.png":["assets/images/GUI/HUD/Knob.png"],"assets/images/GUI/HUD/LeftArrow.png":["assets/images/GUI/HUD/LeftArrow.png"],"assets/images/GUI/HUD/RightArrow.png":["assets/images/GUI/HUD/RightArrow.png"],"assets/images/GUI/HUD/achievementsButton.png":["assets/images/GUI/HUD/achievementsButton.png"],"assets/images/GUI/HUD/arrowsFacingEachother.png":["assets/images/GUI/HUD/arrowsFacingEachother.png"],"assets/images/GUI/HUD/arrowsFacingEachotherInversed.png":["assets/images/GUI/HUD/arrowsFacingEachotherInversed.png"],"assets/images/GUI/HUD/characterButton.png":["assets/images/GUI/HUD/characterButton.png"],"assets/images/GUI/HUD/closeEye.png":["assets/images/GUI/HUD/closeEye.png"],"assets/images/GUI/HUD/jumpButton.png":["assets/images/GUI/HUD/jumpButton.png"],"assets/images/GUI/HUD/levelButton.png":["assets/images/GUI/HUD/levelButton.png"],"assets/images/GUI/HUD/menuButton.png":["assets/images/GUI/HUD/menuButton.png"],"assets/images/GUI/HUD/openEye.png":["assets/images/GUI/HUD/openEye.png"],"assets/images/GUI/HUD/soundOffButton.png":["assets/images/GUI/HUD/soundOffButton.png"],"assets/images/GUI/HUD/soundOnButton.png":["assets/images/GUI/HUD/soundOnButton.png"],"assets/images/GUI/HUD/trophy_gold.png":["assets/images/GUI/HUD/trophy_gold.png"],"assets/images/GUI/HUD/trophy_gray.png":["assets/images/GUI/HUD/trophy_gray.png"],"assets/images/Gems/1.png":["assets/images/Gems/1.png"],"assets/images/Gems/2.png":["assets/images/Gems/2.png"],"assets/images/Gems/3.png":["assets/images/Gems/3.png"],"assets/images/Gems/4.png":["assets/images/Gems/4.png"],"assets/images/Gems/5.png":["assets/images/Gems/5.png"],"assets/images/Gems/6.png":["assets/images/Gems/6.png"],"assets/images/Items/Boxes/Box2/Break.png":["assets/images/Items/Boxes/Box2/Break.png"],"assets/images/Items/Boxes/Box2/Hit (28x24).png":["assets/images/Items/Boxes/Box2/Hit (28x24).png"],"assets/images/Items/Boxes/Box2/Idle.png":["assets/images/Items/Boxes/Box2/Idle.png"],"assets/images/Items/Checkpoints/Checkpoint/Checkpoint (Flag Idle)(64x64).png":["assets/images/Items/Checkpoints/Checkpoint/Checkpoint (Flag Idle)(64x64).png"],"assets/images/Items/Checkpoints/Checkpoint/Checkpoint (Flag Out) (64x64).png":["assets/images/Items/Checkpoints/Checkpoint/Checkpoint (Flag Out) (64x64).png"],"assets/images/Items/Checkpoints/Checkpoint/Checkpoint (No Flag).png":["assets/images/Items/Checkpoints/Checkpoint/Checkpoint (No Flag).png"],"assets/images/Items/Checkpoints/End/End (Idle).png":["assets/images/Items/Checkpoints/End/End (Idle).png"],"assets/images/Items/Checkpoints/End/End (Pressed) (64x64).png":["assets/images/Items/Checkpoints/End/End (Pressed) (64x64).png"],"assets/images/Items/Fruits/Apple.png":["assets/images/Items/Fruits/Apple.png"],"assets/images/Items/Fruits/Bananas.png":["assets/images/Items/Fruits/Bananas.png"],"assets/images/Items/Fruits/Cherries.png":["assets/images/Items/Fruits/Cherries.png"],"assets/images/Items/Fruits/Collected.png":["assets/images/Items/Fruits/Collected.png"],"assets/images/Items/Fruits/Kiwi.png":["assets/images/Items/Fruits/Kiwi.png"],"assets/images/Items/Fruits/Melon.png":["assets/images/Items/Fruits/Melon.png"],"assets/images/Items/Fruits/Orange.png":["assets/images/Items/Fruits/Orange.png"],"assets/images/Items/Fruits/Pineapple.png":["assets/images/Items/Fruits/Pineapple.png"],"assets/images/Items/Fruits/Strawberry.png":["assets/images/Items/Fruits/Strawberry.png"],"assets/images/Main Characters/Appearing (96x96).png":["assets/images/Main Characters/Appearing (96x96).png"],"assets/images/Main Characters/Astronaut/Double Jump.png":["assets/images/Main Characters/Astronaut/Double Jump.png"],"assets/images/Main Characters/Astronaut/Fall.png":["assets/images/Main Characters/Astronaut/Fall.png"],"assets/images/Main Characters/Astronaut/Hit.png":["assets/images/Main Characters/Astronaut/Hit.png"],"assets/images/Main Characters/Astronaut/Idle.png":["assets/images/Main Characters/Astronaut/Idle.png"],"assets/images/Main Characters/Astronaut/Jump.png":["assets/images/Main Characters/Astronaut/Jump.png"],"assets/images/Main Characters/Astronaut/Run.png":["assets/images/Main Characters/Astronaut/Run.png"],"assets/images/Main Characters/Astronaut/Wall Jump.png":["assets/images/Main Characters/Astronaut/Wall Jump.png"],"assets/images/Main Characters/Desappearing (96x96).png":["assets/images/Main Characters/Desappearing (96x96).png"],"assets/images/Main Characters/Executive/Double Jump.png":["assets/images/Main Characters/Executive/Double Jump.png"],"assets/images/Main Characters/Executive/Fall.png":["assets/images/Main Characters/Executive/Fall.png"],"assets/images/Main Characters/Executive/Hit.png":["assets/images/Main Characters/Executive/Hit.png"],"assets/images/Main Characters/Executive/Idle.png":["assets/images/Main Characters/Executive/Idle.png"],"assets/images/Main Characters/Executive/Jump.png":["assets/images/Main Characters/Executive/Jump.png"],"assets/images/Main Characters/Executive/Run.png":["assets/images/Main Characters/Executive/Run.png"],"assets/images/Main Characters/Executive/Wall Jump.png":["assets/images/Main Characters/Executive/Wall Jump.png"],"assets/images/Main Characters/Fox/Double Jump.png":["assets/images/Main Characters/Fox/Double Jump.png"],"assets/images/Main Characters/Fox/Fall.png":["assets/images/Main Characters/Fox/Fall.png"],"assets/images/Main Characters/Fox/Hit.png":["assets/images/Main Characters/Fox/Hit.png"],"assets/images/Main Characters/Fox/Idle.png":["assets/images/Main Characters/Fox/Idle.png"],"assets/images/Main Characters/Fox/Jump.png":["assets/images/Main Characters/Fox/Jump.png"],"assets/images/Main Characters/Fox/Run.png":["assets/images/Main Characters/Fox/Run.png"],"assets/images/Main Characters/Fox/Wall Jump.png":["assets/images/Main Characters/Fox/Wall Jump.png"],"assets/images/Main Characters/Mask Dude/Double Jump.png":["assets/images/Main Characters/Mask Dude/Double Jump.png"],"assets/images/Main Characters/Mask Dude/Fall.png":["assets/images/Main Characters/Mask Dude/Fall.png"],"assets/images/Main Characters/Mask Dude/Hit.png":["assets/images/Main Characters/Mask Dude/Hit.png"],"assets/images/Main Characters/Mask Dude/Idle.png":["assets/images/Main Characters/Mask Dude/Idle.png"],"assets/images/Main Characters/Mask Dude/Jump.png":["assets/images/Main Characters/Mask Dude/Jump.png"],"assets/images/Main Characters/Mask Dude/Run.png":["assets/images/Main Characters/Mask Dude/Run.png"],"assets/images/Main Characters/Mask Dude/Wall Jump.png":["assets/images/Main Characters/Mask Dude/Wall Jump.png"],"assets/images/Main Characters/Messi/Double Jump.png":["assets/images/Main Characters/Messi/Double Jump.png"],"assets/images/Main Characters/Messi/Fall.png":["assets/images/Main Characters/Messi/Fall.png"],"assets/images/Main Characters/Messi/Hit.png":["assets/images/Main Characters/Messi/Hit.png"],"assets/images/Main Characters/Messi/Idle.png":["assets/images/Main Characters/Messi/Idle.png"],"assets/images/Main Characters/Messi/Jump.png":["assets/images/Main Characters/Messi/Jump.png"],"assets/images/Main Characters/Messi/Run.png":["assets/images/Main Characters/Messi/Run.png"],"assets/images/Main Characters/Messi/Wall Jump.png":["assets/images/Main Characters/Messi/Wall Jump.png"],"assets/images/Main Characters/Ninja Frog/Double Jump.png":["assets/images/Main Characters/Ninja Frog/Double Jump.png"],"assets/images/Main Characters/Ninja Frog/Fall.png":["assets/images/Main Characters/Ninja Frog/Fall.png"],"assets/images/Main Characters/Ninja Frog/Hit.png":["assets/images/Main Characters/Ninja Frog/Hit.png"],"assets/images/Main Characters/Ninja Frog/Idle.png":["assets/images/Main Characters/Ninja Frog/Idle.png"],"assets/images/Main Characters/Ninja Frog/Jump.png":["assets/images/Main Characters/Ninja Frog/Jump.png"],"assets/images/Main Characters/Ninja Frog/Run.png":["assets/images/Main Characters/Ninja Frog/Run.png"],"assets/images/Main Characters/Ninja Frog/Wall Jump.png":["assets/images/Main Characters/Ninja Frog/Wall Jump.png"],"assets/images/Main Characters/Pink Man/Double Jump.png":["assets/images/Main Characters/Pink Man/Double Jump.png"],"assets/images/Main Characters/Pink Man/Fall.png":["assets/images/Main Characters/Pink Man/Fall.png"],"assets/images/Main Characters/Pink Man/Hit.png":["assets/images/Main Characters/Pink Man/Hit.png"],"assets/images/Main Characters/Pink Man/Idle.png":["assets/images/Main Characters/Pink Man/Idle.png"],"assets/images/Main Characters/Pink Man/Jump.png":["assets/images/Main Characters/Pink Man/Jump.png"],"assets/images/Main Characters/Pink Man/Run.png":["assets/images/Main Characters/Pink Man/Run.png"],"assets/images/Main Characters/Pink Man/Wall Jump.png":["assets/images/Main Characters/Pink Man/Wall Jump.png"],"assets/images/Main Characters/Stick/Double Jump.png":["assets/images/Main Characters/Stick/Double Jump.png"],"assets/images/Main Characters/Stick/Fall.png":["assets/images/Main Characters/Stick/Fall.png"],"assets/images/Main Characters/Stick/Hit.png":["assets/images/Main Characters/Stick/Hit.png"],"assets/images/Main Characters/Stick/Idle.png":["assets/images/Main Characters/Stick/Idle.png"],"assets/images/Main Characters/Stick/Jump.png":["assets/images/Main Characters/Stick/Jump.png"],"assets/images/Main Characters/Stick/Run.png":["assets/images/Main Characters/Stick/Run.png"],"assets/images/Main Characters/Stick/Wall Jump.png":["assets/images/Main Characters/Stick/Wall Jump.png"],"assets/images/Main Characters/Virtual Guy/Double Jump.png":["assets/images/Main Characters/Virtual Guy/Double Jump.png"],"assets/images/Main Characters/Virtual Guy/Fall.png":["assets/images/Main Characters/Virtual Guy/Fall.png"],"assets/images/Main Characters/Virtual Guy/Hit.png":["assets/images/Main Characters/Virtual Guy/Hit.png"],"assets/images/Main Characters/Virtual Guy/Idle.png":["assets/images/Main Characters/Virtual Guy/Idle.png"],"assets/images/Main Characters/Virtual Guy/Jump.png":["assets/images/Main Characters/Virtual Guy/Jump.png"],"assets/images/Main Characters/Virtual Guy/Run.png":["assets/images/Main Characters/Virtual Guy/Run.png"],"assets/images/Main Characters/Virtual Guy/Wall Jump.png":["assets/images/Main Characters/Virtual Guy/Wall Jump.png"],"assets/images/Other/Confetti (16x16).png":["assets/images/Other/Confetti (16x16).png"],"assets/images/Other/Dust Particle.png":["assets/images/Other/Dust Particle.png"],"assets/images/Other/Shadow.png":["assets/images/Other/Shadow.png"],"assets/images/Other/Transition.png":["assets/images/Other/Transition.png"],"assets/images/Terrain/Terrain (16x16).png":["assets/images/Terrain/Terrain (16x16).png"],"assets/images/Traps/Door/Closed (16x28).png":["assets/images/Traps/Door/Closed (16x28).png"],"assets/images/Traps/Door/Open (16x28).png":["assets/images/Traps/Door/Open (16x28).png"],"assets/images/Traps/Falling Platforms/Off.png":["assets/images/Traps/Falling Platforms/Off.png"],"assets/images/Traps/Falling Platforms/On (32x10).png":["assets/images/Traps/Falling Platforms/On (32x10).png"],"assets/images/Traps/Fan/Off.png":["assets/images/Traps/Fan/Off.png"],"assets/images/Traps/Fan/On (36x23).png":["assets/images/Traps/Fan/On (36x23).png"],"assets/images/Traps/Fire/Off (16x32).png":["assets/images/Traps/Fire/Off (16x32).png"],"assets/images/Traps/Fire/On (16x32).png":["assets/images/Traps/Fire/On (16x32).png"],"assets/images/Traps/Saw/Chain.png":["assets/images/Traps/Saw/Chain.png"],"assets/images/Traps/Saw/Off.png":["assets/images/Traps/Saw/Off.png"],"assets/images/Traps/Saw/On (38x38).png":["assets/images/Traps/Saw/On (38x38).png"],"assets/images/Traps/Spike Head/Attack (54x52).png":["assets/images/Traps/Spike Head/Attack (54x52).png"],"assets/images/Traps/Spike Head/Blink (54x52).png":["assets/images/Traps/Spike Head/Blink (54x52).png"],"assets/images/Traps/Spike Head/Bottom Hit (54x52).png":["assets/images/Traps/Spike Head/Bottom Hit (54x52).png"],"assets/images/Traps/Spike Head/Idle.png":["assets/images/Traps/Spike Head/Idle.png"],"assets/images/Traps/Spike Head/Left Hit (54x52).png":["assets/images/Traps/Spike Head/Left Hit (54x52).png"],"assets/images/Traps/Spike Head/Right Hit (54x52).png":["assets/images/Traps/Spike Head/Right Hit (54x52).png"],"assets/images/Traps/Spike Head/Top Hit (54x52).png":["assets/images/Traps/Spike Head/Top Hit (54x52).png"],"assets/images/Traps/Spikes/Idle.png":["assets/images/Traps/Spikes/Idle.png"],"assets/images/Traps/Trampoline/Idle.png":["assets/images/Traps/Trampoline/Idle.png"],"assets/images/Traps/Trampoline/Jump (28x28).png":["assets/images/Traps/Trampoline/Jump (28x28).png"],"assets/images/Trophys/Achieved.png":["assets/images/Trophys/Achieved.png"],"assets/images/Trophys/Not Achieved.png":["assets/images/Trophys/Not Achieved.png"],"assets/images/difficulty/difficulty1-Photoroom.png":["assets/images/difficulty/difficulty1-Photoroom.png"],"assets/images/difficulty/difficulty10-Photoroom.png":["assets/images/difficulty/difficulty10-Photoroom.png"],"assets/images/difficulty/difficulty2-Photoroom.png":["assets/images/difficulty/difficulty2-Photoroom.png"],"assets/images/difficulty/difficulty3-Photoroom.png":["assets/images/difficulty/difficulty3-Photoroom.png"],"assets/images/difficulty/difficulty4-Photoroom.png":["assets/images/difficulty/difficulty4-Photoroom.png"],"assets/images/difficulty/difficulty5-Photoroom.png":["assets/images/difficulty/difficulty5-Photoroom.png"],"assets/images/difficulty/difficulty6-Photoroom.png":["assets/images/difficulty/difficulty6-Photoroom.png"],"assets/images/difficulty/difficulty7-Photoroom.png":["assets/images/difficulty/difficulty7-Photoroom.png"],"assets/images/difficulty/difficulty8-Photoroom.png":["assets/images/difficulty/difficulty8-Photoroom.png"],"assets/images/difficulty/difficulty9-Photoroom.png":["assets/images/difficulty/difficulty9-Photoroom.png"],"assets/images/difficulty/skull.png":["assets/images/difficulty/skull.png"],"assets/images/loadingBanana/loadingBanana.png":["assets/images/loadingBanana/loadingBanana.png"],"assets/tiles/Pixel Adventure.tiled-project":["assets/tiles/Pixel Adventure.tiled-project"],"assets/tiles/Pixel Adventure.tiled-session":["assets/tiles/Pixel Adventure.tiled-session"],"assets/tiles/Pixel Adventure.tsx":["assets/tiles/Pixel Adventure.tsx"],"assets/tiles/bluePrint.tmx":["assets/tiles/bluePrint.tmx"],"assets/tiles/level-01.tmx":["assets/tiles/level-01.tmx"],"assets/tiles/level-02.tmx":["assets/tiles/level-02.tmx"],"assets/tiles/level-03.tmx":["assets/tiles/level-03.tmx"],"assets/tiles/level-04.tmx":["assets/tiles/level-04.tmx"],"assets/tiles/level-05.tmx":["assets/tiles/level-05.tmx"],"assets/tiles/level-06.tmx":["assets/tiles/level-06.tmx"],"assets/tiles/level-07.tmx":["assets/tiles/level-07.tmx"],"assets/tiles/level-08.tmx":["assets/tiles/level-08.tmx"],"assets/tiles/level-09.tmx":["assets/tiles/level-09.tmx"],"assets/tiles/level-100.tmx":["assets/tiles/level-100.tmx"],"assets/tiles/level-98.tmx":["assets/tiles/level-98.tmx"],"assets/tiles/level-99.tmx":["assets/tiles/level-99.tmx"],"assets/tiles/tutorial-01.tmx":["assets/tiles/tutorial-01.tmx"],"assets/tiles/tutorial-02.tmx":["assets/tiles/tutorial-02.tmx"],"assets/tiles/tutorial-03.tmx":["assets/tiles/tutorial-03.tmx"],"assets/tiles/tutorial-04.tmx":["assets/tiles/tutorial-04.tmx"],"assets/tiles/tutorial-05.tmx":["assets/tiles/tutorial-05.tmx"],"packages/cupertino_icons/assets/CupertinoIcons.ttf":["packages/cupertino_icons/assets/CupertinoIcons.ttf"],"packages/font_awesome_flutter/lib/fonts/fa-brands-400.ttf":["packages/font_awesome_flutter/lib/fonts/fa-brands-400.ttf"],"packages/font_awesome_flutter/lib/fonts/fa-regular-400.ttf":["packages/font_awesome_flutter/lib/fonts/fa-regular-400.ttf"],"packages/font_awesome_flutter/lib/fonts/fa-solid-900.ttf":["packages/font_awesome_flutter/lib/fonts/fa-solid-900.ttf"]}